cellLine,TP,TN,FP,FN,accuracy,sensitivity,specificity,F1,MCC
DLD1,50,2134,84,268,0.8612,0.1572,0.9621,0.2212,0.1767
GBM,57,2124,77,277,0.8604,0.1707,0.965,0.2436,0.2051
HCT116,71,2167,69,284,0.8638,0.2,0.9691,0.2869,0.2573
HELA,35,2206,105,247,0.8642,0.1241,0.9546,0.1659,0.1084
RPE1,21,2149,113,252,0.856,0.07692,0.95,0.1032,0.03736
all,8,2342,132,111,0.9063,0.06723,0.9466,0.06178,0.01284
