cellLine,TP,TN,FP,FN,accuracy,sensitivity,specificity,F1,MCC
DLD1,50,2145,85,272,0.8601,0.1553,0.9619,0.2188,0.1738
GBM,57,2136,78,280,0.8597,0.1691,0.9648,0.2415,0.2025
HCT116,71,2178,70,288,0.8627,0.1978,0.9689,0.284,0.2539
HELA,35,2218,106,250,0.8635,0.1228,0.9544,0.1643,0.1065
RPE1,21,2161,114,255,0.8554,0.07609,0.9499,0.1022,0.03604
all,8,2355,133,113,0.9057,0.06612,0.9465,0.06107,0.01177
