cellLine,TP,TN,FP,FN,accuracy,sensitivity,specificity,F1,MCC
DLD1,50,2147,85,272,0.8602,0.1553,0.9619,0.2188,0.1739
GBM,57,2138,78,280,0.8598,0.1691,0.9648,0.2415,0.2026
HCT116,71,2179,70,289,0.8624,0.1972,0.9689,0.2834,0.2534
HELA,35,2219,106,251,0.8633,0.1224,0.9544,0.1639,0.1061
RPE1,21,2163,114,255,0.8555,0.07609,0.9499,0.1022,0.0361
all,8,2357,133,113,0.9058,0.06612,0.9466,0.06107,0.01181
