cellLine,TP,TN,FP,FN,accuracy,sensitivity,specificity,F1,MCC
DLD1,36,2183,59,279,0.8678,0.1143,0.9737,0.1756,0.1529
GBM,34,2163,61,298,0.8595,0.1024,0.9726,0.1593,0.1333
HCT116,46,2205,53,309,0.8615,0.1296,0.9765,0.2026,0.1904
HELA,30,2262,69,253,0.8768,0.106,0.9704,0.1571,0.1244
RPE1,14,2202,81,259,0.867,0.05128,0.9645,0.07609,0.0258
all,7,2406,92,109,0.9231,0.06034,0.9632,0.06512,0.02537
