cellLine,TP,TN,FP,FN,accuracy,sensitivity,specificity,F1,MCC
DLD1,39,2155,63,279,0.8651,0.1226,0.9716,0.1857,0.1588
GBM,35,2134,67,299,0.8556,0.1048,0.9696,0.1606,0.128
HCT116,49,2179,57,306,0.8599,0.138,0.9745,0.2126,0.1954
HELA,32,2237,74,250,0.875,0.1135,0.968,0.1649,0.1281
RPE1,15,2175,87,258,0.8639,0.05495,0.9615,0.08,0.026
all,7,2375,99,112,0.9186,0.05882,0.96,0.06222,0.01988
