cellLine,TP,TN,FP,FN,accuracy,sensitivity,specificity,F1,MCC
DLD1,37,2165,62,277,0.8666,0.1178,0.9722,0.1792,0.1531
GBM,34,2147,65,294,0.8587,0.1037,0.9706,0.1593,0.1287
HCT116,46,2189,57,305,0.8606,0.1311,0.9746,0.2026,0.1851
HELA,31,2246,72,249,0.8764,0.1107,0.9689,0.1619,0.1266
RPE1,15,2186,84,255,0.8665,0.05556,0.963,0.0813,0.02954
all,7,2386,96,109,0.9211,0.06034,0.9613,0.06393,0.02293
